{
    "sources": [
        {
            "author": [
                {
                    "family": "Ismay",
                    "given": "Chester"
                },
                {
                    "family": "Kim",
                    "given": "Albert Y."
                }
            ],
            "id": "ismay2020",
            "issued": {
                "date-parts": [
                    [
                        2020
                    ]
                ]
            },
            "publisher": "CRC",
            "publisher-place": "Boca Raton",
            "title": "Statistical Inference via Data Science A moderndive into R and the tidyverse",
            "type": "book"
        },
        {
            "author": [
                {
                    "family": "Gelman",
                    "given": "Andrew"
                },
                {
                    "family": "Hill",
                    "given": "Jennifer"
                }
            ],
            "id": "gelman2007",
            "issued": {
                "date-parts": [
                    [
                        2007
                    ]
                ]
            },
            "publisher": "Cambridge University Press",
            "publisher-place": "New York, NY",
            "title": "Data analysis using regression and multilevel/hierarchical models",
            "type": "book",
            "volume": "1"
        },
        {
            "DOI": "10.3389/fpsyg.2015.00494",
            "ISSN": "1664-1078",
            "abstract": "In a series of four experiments, Topolinski and Sparenberg (2012) found support for the conjecture that clockwise movements induce psychological states of temporal progression and an orientation toward the future and novelty. Here we report the results of a preregistered replication attempt of Experiment 2 from Topolinski and Sparenberg (2012). Participants turned kitchen rolls either clockwise or counterclockwise while answering items from a questionnaire assessing openness to experience. Data from 102 participants showed that the effect went slightly in the direction opposite to that predicted by Topolinski and Sparenberg (2012), and a preregistered Bayes factor hypothesis test revealed that the data were 10.76 times more likely under the null hypothesis than under the alternative hypothesis. Our findings illustrate the theoretical importance and practical advantages of preregistered Bayes factor replication studies, both for psychological science and for empirical work in general.",
            "accessed": {
                "date-parts": [
                    [
                        2019,
                        6,
                        25
                    ]
                ]
            },
            "author": [
                {
                    "family": "Wagenmakers",
                    "given": "Eric-Jan"
                },
                {
                    "family": "Beek",
                    "given": "Titia F."
                },
                {
                    "family": "Rotteveel",
                    "given": "Mark"
                },
                {
                    "family": "Gierholz",
                    "given": "Alex"
                },
                {
                    "family": "Matzke",
                    "given": "Dora"
                },
                {
                    "family": "Steingroever",
                    "given": "Helen"
                },
                {
                    "family": "Ly",
                    "given": "Alexander"
                },
                {
                    "family": "Verhagen",
                    "given": "Josine"
                },
                {
                    "family": "Selker",
                    "given": "Ravi"
                },
                {
                    "family": "Sasiadek",
                    "given": "Adam"
                },
                {
                    "family": "Gronau",
                    "given": "Quentin F."
                },
                {
                    "family": "Love",
                    "given": "Jonathon"
                },
                {
                    "family": "Pinto",
                    "given": "Yair"
                }
            ],
            "container-title": "Frontiers in Psychology",
            "id": "wagenmakers2015",
            "issued": {
                "date-parts": [
                    [
                        2015,
                        4
                    ]
                ]
            },
            "language": "en-US",
            "title": "Turning the hands of time again: A purely confirmatory replication study and a Bayesian analysis",
            "title-short": "Turning the hands of time again",
            "type": "article-journal",
            "volume": "6"
        },
        {
            "ISBN": "0-8058-0283-5",
            "abstract": "This is a nontechnical guide to power analysis in research planning that provides users of applied statistics with the tools they need for more effective analysis. The second edition includes: a chapter covering power analysis in set correlation and multivariate methods; a chapter considering effect size, psychometric reliability, and the efficacy of {\\dq}qualifying{\\dq} dependent variables and; expanded power and sample size tables for multiple regression/correlation.",
            "author": [
                {
                    "family": "Cohen",
                    "given": "Jacob"
                }
            ],
            "edition": "2",
            "id": "cohen1988",
            "issued": {
                "date-parts": [
                    [
                        1988
                    ]
                ]
            },
            "keyword": "Probabilities,Social sciences,Statistical power an",
            "publisher": "Lawrence Erlbaum",
            "publisher-place": "New Jersey",
            "title": "Statistical power analysis for the behavioral sciences",
            "type": "book"
        },
        {
            "DOI": "10.18637/jss.v080.i01",
            "ISSN": "1548-7660",
            "accessed": {
                "date-parts": [
                    [
                        2021,
                        9,
                        9
                    ]
                ]
            },
            "author": [
                {
                    "family": "Bürkner",
                    "given": "Paul-Christian"
                }
            ],
            "container-title": "Journal of Statistical Software",
            "id": "burkner2017",
            "issue": "1",
            "issued": {
                "date-parts": [
                    [
                        2017
                    ]
                ]
            },
            "language": "en-US",
            "title": "Brms: An R Package for Bayesian Multilevel Models Using Stan",
            "title-short": "Brms",
            "type": "article-journal",
            "volume": "80"
        },
        {
            "DOI": "10.1214/20-BA1221",
            "ISSN": "1936-0975",
            "abstract": "Markov chain Monte Carlo is a key computational tool in Bayesian statistics, but it can be challenging to monitor the convergence of an iterative stochastic algorithm. In this paper we show that the convergence diagnostic R of Gelman and Rubin (1992) has serious flaws. Traditional R will fail to correctly diagnose convergence failures when the chain has a heavy tail or when the variance varies across the chains. In this paper we propose an alternative rank-based diagnostic that fixes these problems. We also introduce a collection of quantile-based local efficiency measures, along with a practical approach for computing Monte Carlo error estimates for quantiles. We suggest that common trace plots should be replaced with rank plots from multiple chains. Finally, we give recommendations for how these methods should be used in practice.",
            "accessed": {
                "date-parts": [
                    [
                        2024,
                        3,
                        27
                    ]
                ]
            },
            "author": [
                {
                    "family": "Vehtari",
                    "given": "Aki"
                },
                {
                    "family": "Gelman",
                    "given": "Andrew"
                },
                {
                    "family": "Simpson",
                    "given": "Daniel"
                },
                {
                    "family": "Carpenter",
                    "given": "Bob"
                },
                {
                    "family": "Bürkner",
                    "given": "Paul-Christian"
                }
            ],
            "container-title": "Bayesian Analysis",
            "id": "vehtari2021",
            "issue": "2",
            "issued": {
                "date-parts": [
                    [
                        2021,
                        6
                    ]
                ]
            },
            "language": "en-US",
            "title": "Rank-Normalization, Folding, and Localization: An Improved R^ for Assessing Convergence of MCMC (with Discussion)",
            "title-short": "Rank-Normalization, Folding, and Localization",
            "type": "article-journal",
            "volume": "16"
        },
        {
            "ISBN": "978-1-4739-1636-4 978-1-4739-1635-7",
            "abstract": "\"Supported by a wealth of learning features, exercises, and visual elements as well as online video tutorials and interactive simulations, this book is the first student-focused introduction to Bayesian statistics. Without sacrificing technical integrity for the sake of simplicity, the author draws upon accessible, student-friendly language to provide approachable instruction perfectly aimed at statistics and Bayesian newcomers. Through a logical structure that introduces and builds upon key concepts in a gradual way and slowly acclimatizes students to using R and Stan software, the book covers: An introduction to probability and Bayesian inference, Understanding Bayes’ rule, Nuts and bolts of Bayesian analytic methods, Computational Bayes and real-world Bayesian analysis, Regression analysis and hierarchical methods. This unique guide will help students develop the statistical confidence and skills to put the Bayesian formula into practice, from the basic concepts of statistical inference to complex applications of analyses.\" –",
            "annote": "OCLC: on1020621409",
            "author": [
                {
                    "family": "Lambert",
                    "given": "Ben"
                }
            ],
            "id": "lambert2018",
            "issued": {
                "date-parts": [
                    [
                        2018
                    ]
                ]
            },
            "keyword": "Bayesian statistical decision theory",
            "publisher": "SAGE",
            "publisher-place": "Los Angeles",
            "title": "A student’s guide to Bayesian statistics",
            "type": "book"
        },
        {
            "DOI": "10.1177/25152459231213371",
            "ISSN": "2515-2459",
            "abstract": "Hypothesis testing is often used for inference in the social sciences. In particular, null hypothesis significance testing (NHST) and its p value have been ubiquitous in published research for decades. Much more recently, null hypothesis Bayesian testing (NHBT) and its Bayes factor have also started to become more commonplace in applied research. Following preliminary work by Wong and colleagues, we investigated how, and to what extent, researchers misapply the Bayes factor in applied psychological research by means of a literature study. Based on a final sample of 167 articles, our results indicate that, not unlike NHST and the p value, the use of NHBT and the Bayes factor also shows signs of misconceptions. We consider the root causes of the identified problems and provide suggestions to improve the current state of affairs. This article is aimed to assist researchers in drawing the best inferences possible while using NHBT and the Bayes factor in applied research.",
            "accessed": {
                "date-parts": [
                    [
                        2024,
                        7,
                        1
                    ]
                ]
            },
            "author": [
                {
                    "family": "Tendeiro",
                    "given": "Jorge N."
                },
                {
                    "family": "Kiers",
                    "given": "Henk A. L."
                },
                {
                    "family": "Hoekstra",
                    "given": "Rink"
                },
                {
                    "family": "Wong",
                    "given": "Tsz Keung"
                },
                {
                    "family": "Morey",
                    "given": "Richard D."
                }
            ],
            "container-title": "Advances in Methods and Practices in Psychological Science",
            "id": "tendeiro2024",
            "issue": "1",
            "issued": {
                "date-parts": [
                    [
                        2024,
                        1
                    ]
                ]
            },
            "language": "en-US",
            "page": "25152459231213371",
            "publisher": "SAGE Publications Inc",
            "title": "Diagnosing the Misuse of the Bayes Factor in Applied Research",
            "type": "article-journal",
            "volume": "7"
        },
        {
            "DOI": "10.1038/s41598-023-29624-7",
            "ISSN": "2045-2322",
            "abstract": "Placebos have been shown to be beneficial for various conditions even if administered with full transparency. Hence, so-called open-label placebos (OLPs) offer a new way to harness placebo effects ethically. To take this concept one step further, this study aimed at evaluating placebo effects without the use of a physical placebo, i.e., by imagining taking a pill. Healthy students (N = 173) with self-reported test anxiety were either randomized to an imaginary pill (IP; n = 55), an OLP (n = 59) or a control group (CG; n = 59). Both intervention groups were instructed to take two pills daily for three weeks. Primary outcome was test anxiety, secondary outcomes were sleep quality, general well-being and test performance. Groups test anxiety differed at study-endpoint, F(2,169) = 11.50, p $<$ .001. Test anxiety was lower in the intervention groups compared to the CG, t(169) = - 4.44, p $<$ .001, d = - 0.71. The interventions did not differ significantly, i.e., both were similarly efficacious, t(169) = 0.61, p = .540, d = 0.11. The interaction between group and time in explaining test anxiety was significant, F(5,407.93) = 6.13, p $<$ .001. OLPs and IPs reduced test anxiety in healthy participants compared to the CG. This finding opens the door for a novel and ethical method to harness placebo effects.",
            "accessed": {
                "date-parts": [
                    [
                        2023,
                        4,
                        23
                    ]
                ]
            },
            "author": [
                {
                    "family": "Buergler",
                    "given": "Sarah"
                },
                {
                    "family": "Sezer",
                    "given": "Dilan"
                },
                {
                    "family": "Bagge",
                    "given": "Niels"
                },
                {
                    "family": "Kirsch",
                    "given": "Irving"
                },
                {
                    "family": "Locher",
                    "given": "Cosima"
                },
                {
                    "family": "Carvalho",
                    "given": "Claudia"
                },
                {
                    "family": "Gaab",
                    "given": "Jens"
                }
            ],
            "container-title": "Scientific Reports",
            "id": "buergler2023",
            "issue": "1",
            "issued": {
                "date-parts": [
                    [
                        2023,
                        2
                    ]
                ]
            },
            "page": "2624",
            "title": "Imaginary pills and open-label placebos can reduce test anxiety by means of placebo mechanisms  Scientific Reports",
            "type": "article-journal",
            "volume": "13"
        },
        {
            "DOI": "10.1093/comjnl/27.2.97",
            "ISSN": "0010-4620",
            "URL": "https://doi.org/10.1093/comjnl/27.2.97",
            "author": [
                {
                    "family": "Knuth",
                    "given": "Donald E."
                }
            ],
            "container-title": "Comput. J.",
            "id": "knuth84",
            "issue": "2",
            "issued": {
                "date-parts": [
                    [
                        1984,
                        5
                    ]
                ]
            },
            "page": "97-111",
            "publisher": "Oxford University Press, Inc.",
            "publisher-place": "USA",
            "title": "Literate programming",
            "type": "article-journal",
            "volume": "27"
        },
        {
            "ISBN": "978-3-456-84965-2",
            "author": [
                {
                    "family": "Moosbrugger",
                    "given": "Helfried"
                }
            ],
            "collection-title": "Psychologie Lehrtexte",
            "edition": "4., vollständig überarbeitete und ergänzte Auflage",
            "id": "moosbrugger2011",
            "issued": {
                "date-parts": [
                    [
                        2011
                    ]
                ]
            },
            "language": "de-DE",
            "publisher": "Verlag Hans Huber",
            "publisher-place": "Bern",
            "title": "Lineare Modelle: Regressions- und Varianzanalysen ; mit einem Anhang über Matrixalgebra",
            "title-short": "Lineare Modelle",
            "type": "book"
        },
        {
            "annote": "https://doi.org/10.7910/DVN/SIWH9F",
            "author": [
                {
                    "family": "Achilles",
                    "given": "C. M."
                },
                {
                    "family": "Bain",
                    "given": "Helen Pate"
                },
                {
                    "family": "Bellot",
                    "given": "F."
                },
                {
                    "family": "Boyd-Zaharias",
                    "given": "J."
                },
                {
                    "family": "Finn",
                    "given": "J."
                },
                {
                    "family": "Folger",
                    "given": "J."
                },
                {
                    "family": "Johnston",
                    "given": "John"
                },
                {
                    "family": "Word",
                    "given": "Elizabeth"
                }
            ],
            "genre": "Technical {{Report}}",
            "id": "achilles1985",
            "issued": {
                "date-parts": [
                    [
                        1985
                    ]
                ]
            },
            "language": "en-US",
            "publisher": "Tennessee State Department of Educatbn",
            "title": "The state of Tennessee’s student/teacher achievement ratio (STAR) project",
            "type": "report"
        },
        {
            "ISBN": "0-8058-0283-5",
            "abstract": "This is a nontechnical guide to power analysis in research planning that provides users of applied statistics with the tools they need for more effective analysis. The second edition includes: a chapter covering power analysis in set correlation and multivariate methods; a chapter considering effect size, psychometric reliability, and the efficacy of {\\dq}qualifying{\\dq} dependent variables and; expanded power and sample size tables for multiple regression/correlation.",
            "author": [
                {
                    "family": "Cohen",
                    "given": "Jacob"
                }
            ],
            "edition": "2",
            "id": "cohen1988",
            "issued": {
                "date-parts": [
                    [
                        1988
                    ]
                ]
            },
            "keyword": "Probabilities,Social sciences,Statistical power an",
            "publisher": "Lawrence Erlbaum",
            "publisher-place": "New Jersey",
            "title": "Statistical power analysis for the behavioral sciences",
            "type": "book"
        },
        {
            "DOI": "10.1037/0021-9010.92.4.1169",
            "ISSN": "1939-1854",
            "abstract": "Halo effects in rating specific pieces of work, as in educational grading, have received little attention. Grades awarded by 2 independent graders to undergraduate projects were analyzed with a correlated uniqueness model. Grades showed substantial halo despite being awarded by expert assessors at the time of reading the work. There was greater halo between different grades applying to the same section of the project than between grades applying to different sections. Supervisors who had regular contact with the student whose work they were grading showed no more halo than other graders. More reliable graders showed less within-section halo than graders of lower reliability but equal between-sections halo. The halo effects observed cannot be entirely attributable to a unitary general impression. (PsycInfo Database Record (c) 2022 APA, all rights reserved)",
            "author": [
                {
                    "family": "Dennis",
                    "given": "Ian"
                }
            ],
            "container-title": "Journal of Applied Psychology",
            "id": "dennis2007",
            "issue": "4",
            "issued": {
                "date-parts": [
                    [
                        2007
                    ]
                ]
            },
            "keyword": "College Students,Grading (Educational),Halo Effect",
            "page": "1169-1176",
            "publisher": "American Psychological Association",
            "publisher-place": "US",
            "title": "Halo effects in grading student projects",
            "type": "article-journal",
            "volume": "92"
        },
        {
            "ISBN": "978-3-642-41089-5",
            "author": [
                {
                    "family": "Döring",
                    "given": "Nicola"
                },
                {
                    "family": "Bortz",
                    "given": "Jürgen"
                }
            ],
            "edition": "5., vollst",
            "id": "doering2016",
            "issued": {
                "date-parts": [
                    [
                        2016
                    ]
                ]
            },
            "keyword": "4014606-6,4071034-8,Empirische Sozialforschung,Evaluation,Lehrbuch",
            "language": "de-DE",
            "publisher": "Springer",
            "publisher-place": "Berlin, Heidelberg",
            "title": "Forschungsmethoden und Evaluation in den Sozial- und Humanwissenschaften",
            "type": "book"
        },
        {
            "ISBN": "978-3-621-27524-8",
            "author": [
                {
                    "family": "Eid",
                    "given": "M"
                },
                {
                    "family": "Gollwitzer",
                    "given": "M"
                },
                {
                    "family": "Schmitt",
                    "given": "M"
                }
            ],
            "edition": "3",
            "id": "eid2013",
            "issued": {
                "date-parts": [
                    [
                        2013
                    ]
                ]
            },
            "publisher": "Beltz",
            "title": "Statistik und Forschungsmethoden: Lehrbuch. Mit Online-Materialien",
            "title-short": "Statistik und Forschungsmethoden",
            "type": "book"
        },
        {
            "DOI": "10.3758/s13423-016-1221-4",
            "ISSN": "1069-9384, 1531-5320",
            "accessed": {
                "date-parts": [
                    [
                        2022,
                        11,
                        8
                    ]
                ]
            },
            "author": [
                {
                    "family": "Kruschke",
                    "given": "John K"
                },
                {
                    "family": "Liddell",
                    "given": "Torrin M."
                }
            ],
            "container-title": "Psychonomic Bulletin & Review",
            "id": "kruschke2018",
            "issued": {
                "date-parts": [
                    [
                        2018,
                        2
                    ]
                ]
            },
            "language": "en-US",
            "page": "178-206",
            "title": "The Bayesian new statistics: Hypothesis testing, estimation, meta-analysis, and power analysis from a Bayesian perspective",
            "title-short": "The Bayesian New Statistics",
            "type": "article-journal",
            "volume": "25"
        },
        {
            "ISBN": "978-1-4398-8051-7",
            "author": [
                {
                    "family": "Hoijtink",
                    "given": "Herbert"
                }
            ],
            "collection-title": "Chapman & Hall/CRC statistics in the social and behavioral sciences series",
            "id": "hoijtink2012",
            "issued": {
                "date-parts": [
                    [
                        2012
                    ]
                ]
            },
            "keyword": "Hypothesis,MATHEMATICS / Probability & Statistics / General,Psychology,Social sciences,Statistical methods",
            "publisher": "CRC",
            "publisher-place": "Boca Raton",
            "title": "Informative hypotheses: Theory and practice for behavioral and social scientists",
            "title-short": "Informative hypotheses",
            "type": "book"
        },
        {
            "DOI": "10.1080/00949655.2019.1590574",
            "ISSN": "0094-9655",
            "abstract": "This paper presents a new statistical method and accompanying software for the evaluation of order constrained hypotheses in structural equation models (SEM). The method is based on a large sample approximation of the Bayes factor using a prior with a data-based correlational structure. An efficient algorithm is written into an R package to ensure fast computation. The package, referred to as Bain, is easy to use for applied researchers. Two classical examples from the SEM literature are used to illustrate the methodology and software.",
            "accessed": {
                "date-parts": [
                    [
                        2020,
                        2,
                        2
                    ]
                ]
            },
            "author": [
                {
                    "family": "Gu",
                    "given": "Xin"
                },
                {
                    "family": "Hoijtink",
                    "given": "Herbert"
                },
                {
                    "family": "Mulder",
                    "given": "Joris"
                },
                {
                    "family": "Rosseel",
                    "given": "Yves"
                }
            ],
            "container-title": "Journal of Statistical Computation and Simulation",
            "id": "gu2019",
            "issue": "8",
            "issued": {
                "date-parts": [
                    [
                        2019,
                        5
                    ]
                ]
            },
            "keyword": "Approximate Bayesian procedure,Bayes factors,order constrained hypothesis,structural equation model",
            "page": "1526-1553",
            "title": "Bain: A program for Bayesian testing of order constrained hypotheses in structural equation models",
            "title-short": "Bain",
            "type": "article-journal",
            "volume": "89"
        },
        {
            "DOI": "10.1177/1948550617697177",
            "ISSN": "1948-5506",
            "PMCID": "PMC5502906",
            "PMID": "28736600",
            "abstract": "Scientists should be able to provide support for the absence of a meaningful effect. Currently, researchers often incorrectly conclude an effect is absent based a nonsignificant result. A widely recommended approach within a frequentist framework is to test for equivalence. In equivalence tests, such as the two one-sided tests (TOST) procedure discussed in this article, an upper and lower equivalence bound is specified based on the smallest effect size of interest. The TOST procedure can be used to statistically reject the presence of effects large enough to be considered worthwhile. This practical primer with accompanying spreadsheet and R package enables psychologists to easily perform equivalence tests (and power analyses) by setting equivalence bounds based on standardized effect sizes and provides recommendations to prespecify equivalence bounds. Extending your statistical tool kit with equivalence tests is an easy way to improve your statistical and theoretical inferences.",
            "author": [
                {
                    "family": "Lakens",
                    "given": "Daniël"
                }
            ],
            "container-title": "Social Psychological and Personality Science",
            "id": "lakens2017",
            "issue": "4",
            "issued": {
                "date-parts": [
                    [
                        2017,
                        5
                    ]
                ]
            },
            "keyword": "equivalence testing,null hypothesis significance testing,power analysis,research methods",
            "language": "en-US",
            "page": "355-362",
            "title": "Equivalence Tests: A Practical Primer for t Tests, Correlations, and Meta-Analyses",
            "title-short": "Equivalence Tests",
            "type": "article-journal",
            "volume": "8"
        },
        {
            "ISBN": "978-0-12-405916-0 978-0-12-405888-0",
            "abstract": "Provides an accessible approach to Bayesian data analysis, as material is explained clearly with concrete examples. The book begins with the basics, including essential concepts of probability and random sampling, and gradually progresses to advanced hierarchical modeling methods for realistic data.",
            "annote": "OCLC: 1113673771",
            "author": [
                {
                    "family": "Kruschke",
                    "given": "John K"
                }
            ],
            "edition": "2nd",
            "id": "kruschke2015",
            "issued": {
                "date-parts": [
                    [
                        2015
                    ]
                ]
            },
            "language": "en-US",
            "publisher": "Academic Press",
            "title": "Doing Bayesian data analysis: A tutorial with R, JAGS, and Stan",
            "title-short": "Doing Bayesian data analysis",
            "type": "book"
        },
        {
            "ISBN": "978-3-642-41089-5",
            "author": [
                {
                    "family": "Döring",
                    "given": "Nicola"
                },
                {
                    "family": "Bortz",
                    "given": "Jürgen"
                }
            ],
            "edition": "5., vollst",
            "id": "doering2016",
            "issued": {
                "date-parts": [
                    [
                        2016
                    ]
                ]
            },
            "keyword": "4014606-6,4071034-8,Empirische Sozialforschung,Evaluation,Lehrbuch",
            "language": "de-DE",
            "publisher": "Springer",
            "publisher-place": "Berlin, Heidelberg",
            "title": "Forschungsmethoden und Evaluation in den Sozial- und Humanwissenschaften",
            "type": "book"
        },
        {
            "DOI": "10.1525/collabra.36357",
            "ISSN": "2474-7394",
            "abstract": "The aim of this study is to investigate whether there is a potential mismatch between the usability of a statistical tool and psychology researchers’ expectation of it. Bayesian statistics is often promoted as an ideal substitute for frequentists statistics since it coincides better with researchers’ expectations and needs. A particular incidence of this is the proposal of replacing Null Hypothesis Significance Testing (NHST) by Null Hypothesis Bayesian Testing (NHBT) using the Bayes factor. In this paper, it is studied to what extent the usability and expectations of NHBT match well. First, a study of the reporting practices in 73 psychological publications was carried out. It was found that eight Questionable Reporting and Interpreting Practices (QRIPs) occur more than once among the practitioners when doing NHBT. Specifically, our analysis provides insight into possible mismatches and their occurrence frequencies. A follow-up survey study has been conducted to assess such mismatches. The sample (N = 108) consisted of psychology researchers, experts in methodology (and/or statistics), and applied researchers in fields other than psychology. The data show that discrepancies exist among the participants. Interpreting the Bayes Factor as posterior odds and not acknowledging the notion of relative evidence in the Bayes Factor are arguably the most concerning ones. The results of the paper suggest that a shift of statistical paradigm cannot solve the problem of misinterpretation altogether if the users are not well acquainted with the tools.",
            "accessed": {
                "date-parts": [
                    [
                        2024,
                        1,
                        5
                    ]
                ]
            },
            "author": [
                {
                    "family": "Wong",
                    "given": "Tsz Keung"
                },
                {
                    "family": "Kiers",
                    "given": "Henk"
                },
                {
                    "family": "Tendeiro",
                    "given": "Jorge"
                }
            ],
            "container-title": "Collabra: Psychology",
            "id": "wong2022",
            "issue": "1",
            "issued": {
                "date-parts": [
                    [
                        2022,
                        6
                    ]
                ]
            },
            "page": "36357",
            "title": "On the Potential Mismatch Between the Function of the Bayes Factor and Researchers’ Expectations",
            "type": "article-journal",
            "volume": "8"
        },
        {
            "DOI": "10.1053/j.seminhematol.2008.04.003",
            "ISSN": "0037-1963",
            "PMID": "18582619",
            "abstract": "The P value is a measure of statistical evidence that appears in virtually all medical research papers. Its interpretation is made extraordinarily difficult because it is not part of any formal system of statistical inference. As a result, the P value’s inferential meaning is widely and often wildly misconstrued, a fact that has been pointed out in innumerable papers and books appearing since at least the 1940s. This commentary reviews a dozen of these common misinterpretations and explains why each is wrong. It also reviews the possible consequences of these improper understandings or representations of its meaning. Finally, it contrasts the P value with its Bayesian counterpart, the Bayes’ factor, which has virtually all of the desirable properties of an evidential measure that the P value lacks, most notably interpretability. The most serious consequence of this array of P-value misconceptions is the false belief that the probability of a conclusion being in error can be calculated from the data in a single experiment without reference to external evidence or the plausibility of the underlying mechanism.",
            "author": [
                {
                    "family": "Goodman",
                    "given": "Steven"
                }
            ],
            "container-title": "Seminars in Hematology",
            "id": "goodman2008",
            "issue": "3",
            "issued": {
                "date-parts": [
                    [
                        2008,
                        7
                    ]
                ]
            },
            "keyword": "Probability,Research Design",
            "language": "en-US",
            "page": "135-140",
            "title": "A dirty dozen: Twelve p-value misconceptions",
            "title-short": "A dirty dozen",
            "type": "article-journal",
            "volume": "45"
        },
        {
            "author": [
                {
                    "family": "Jané",
                    "given": "Matthew B"
                },
                {
                    "family": "Xiao",
                    "given": "Qinyu"
                },
                {
                    "family": "Yeung",
                    "given": "Siu Kit"
                },
                {
                    "family": "Ben-Shachar",
                    "given": "Mattan S"
                },
                {
                    "family": "Caldwell",
                    "given": "Aaron R"
                },
                {
                    "family": "Cousineau",
                    "given": "Denis"
                },
                {
                    "family": "Dunleavy",
                    "given": "Daniel J"
                },
                {
                    "family": "Elsherif",
                    "given": "Mahmoud"
                },
                {
                    "family": "Johnson",
                    "given": "Blair T"
                },
                {
                    "family": "Moreau",
                    "given": "David"
                },
                {
                    "family": "Riesthuis",
                    "given": "Paul"
                },
                {
                    "family": "Röseler",
                    "given": "Lukas"
                },
                {
                    "family": "Steele",
                    "given": "James"
                },
                {
                    "family": "Vieira",
                    "given": "Felipe F."
                },
                {
                    "family": "Zloteanu",
                    "given": "Mircea"
                },
                {
                    "family": "Feldman",
                    "given": "Gilad"
                }
            ],
            "id": "EffectSizeGuide",
            "issued": {
                "date-parts": [
                    [
                        2024
                    ]
                ]
            },
            "title": "Guide to effect sizes and confidence intervals",
            "type": ""
        },
        {
            "DOI": "10.31234/osf.io/egydq",
            "abstract": "In 1936, Sir Harold Jeffreys proposed an approximate objective Bayes factor that quantifies the degree to which the point-null hypothesis H0 outpredicts the alternative hypothesis H1. This approximate Bayes factor (henceforth JAB01) depends only on sample size and on how many standard errors the maximum likelihood estimate is away from the point under test. We revisit JAB01 and introduce a piecewise transformation that clarifies the connection to the frequentist two-sided p-value. Specifically, if p $\\leq$ .10 then JAB01 $\\approx$ 3p$\\surd$n; if .10 &lt; p $\\leq$ .50 then JAB01 $\\approx$ $\\surd$(pn); and if p &gt; .50 then JAB01 $\\approx$ p(̂1/4)$\\surd$n. These transformation rules present p-value practitioners with a straightforward opportunity to obtain Bayesian benefits such as the ability to monitor evidence as data accumulate without reaching a foregone conclusion. Using the JAB01 framework we derive simple and accurate approximate Bayes factors for the t-test, the binomial test, the comparison of two proportions, and the correlation test.",
            "accessed": {
                "date-parts": [
                    [
                        2022,
                        2,
                        25
                    ]
                ]
            },
            "author": [
                {
                    "family": "Wagenmakers",
                    "given": "Eric-Jan"
                }
            ],
            "genre": "Preprint",
            "id": "wagenmakers2022",
            "issued": {
                "date-parts": [
                    [
                        2022,
                        1
                    ]
                ]
            },
            "publisher": "PsyArXiv",
            "title": "Approximate objective Bayes Factors from p-values and sample size: The 3psqrt(n) rule",
            "title-short": "Approximate Objective Bayes Factors From P-Values and Sample Size",
            "type": "report"
        },
        {
            "DOI": "10.3758/s13423-014-0595-4",
            "ISSN": "1069-9384, 1531-5320",
            "accessed": {
                "date-parts": [
                    [
                        2019,
                        8,
                        7
                    ]
                ]
            },
            "author": [
                {
                    "family": "Rouder",
                    "given": "Jeffrey N."
                }
            ],
            "container-title": "Psychonomic Bulletin & Review",
            "id": "rouder2014",
            "issue": "2",
            "issued": {
                "date-parts": [
                    [
                        2014,
                        4
                    ]
                ]
            },
            "language": "en-US",
            "page": "301-308",
            "title": "Optional stopping: No problem for Bayesians",
            "title-short": "Optional stopping",
            "type": "article-journal",
            "volume": "21"
        },
        {
            "DOI": "10.1177/2515245918771304",
            "ISSN": "2515-2459",
            "abstract": "This article explains a decision rule that uses Bayesian posterior distributions as the basis for accepting or rejecting null values of parameters. This decision rule focuses on the range of plausible values indicated by the highest density interval of the posterior distribution and the relation between this range and a region of practical equivalence (ROPE) around the null value. The article also discusses considerations for setting the limits of a ROPE and emphasizes that analogous considerations apply to setting the decision thresholds for p values and Bayes factors.",
            "accessed": {
                "date-parts": [
                    [
                        2024,
                        1,
                        5
                    ]
                ]
            },
            "author": [
                {
                    "family": "Kruschke",
                    "given": "John K"
                }
            ],
            "container-title": "Advances in Methods and Practices in Psychological Science",
            "id": "kruschke2018a",
            "issue": "2",
            "issued": {
                "date-parts": [
                    [
                        2018,
                        6
                    ]
                ]
            },
            "language": "en-US",
            "page": "270-280",
            "publisher": "SAGE Publications Inc",
            "title": "Rejecting or Accepting Parameter Values in Bayesian Estimation",
            "type": "article-journal",
            "volume": "1"
        },
        {
            "DOI": "10.3758/s13423-017-1230-y",
            "ISSN": "1069-9384, 1531-5320",
            "accessed": {
                "date-parts": [
                    [
                        2020,
                        1,
                        2
                    ]
                ]
            },
            "author": [
                {
                    "family": "Schönbrodt",
                    "given": "Felix D."
                },
                {
                    "family": "Wagenmakers",
                    "given": "Eric-Jan"
                }
            ],
            "container-title": "Psychonomic Bulletin & Review",
            "id": "schonbrodt2018",
            "issue": "1",
            "issued": {
                "date-parts": [
                    [
                        2018,
                        2
                    ]
                ]
            },
            "language": "en-US",
            "page": "128-142",
            "title": "Bayes factor design analysis: Planning for compelling evidence",
            "title-short": "Bayes factor design analysis",
            "type": "article-journal",
            "volume": "25"
        },
        {
            "abstract": "This book will teach you how to do data science with R: You’ll learn how to get your data into R, get it into the most useful structure, transform it, visualise it and model it. In this book, you will find a practicum of skills for data science. Just as a chemist learns how to clean test tubes and stock a lab, you’ll learn how to clean data and draw plots—and many other things besides. These are the skills that allow data science to happen, and here you will find the best practices for doing each of these things with R. You’ll learn how to use the grammar of graphics, literate programming, and reproducible research to save time. You’ll also learn how to manage cognitive resources to facilitate discoveries when wrangling, visualising, and exploring data.",
            "accessed": {
                "date-parts": [
                    [
                        2025,
                        3,
                        7
                    ]
                ]
            },
            "author": [
                {
                    "family": "Grolemund",
                    "given": "Hadley Wickham and Garrett"
                }
            ],
            "id": "grolemund",
            "issued": {
                "date-parts": [
                    [
                        2025
                    ]
                ]
            },
            "language": "en-US",
            "title": "Welcome  R for Data Science",
            "type": "book"
        },
        {
            "DOI": "10.1371/journal.pone.0090081",
            "ISSN": "1932-6203",
            "accessed": {
                "date-parts": [
                    [
                        2021,
                        11,
                        26
                    ]
                ]
            },
            "author": [
                {
                    "family": "Gorman",
                    "given": "Kristen B."
                },
                {
                    "family": "Williams",
                    "given": "Tony D."
                },
                {
                    "family": "Fraser",
                    "given": "William R."
                }
            ],
            "container-title": "PLoS ONE",
            "editor": [
                {
                    "family": "Chiaradia",
                    "given": "André"
                }
            ],
            "id": "gorman2014",
            "issue": "3",
            "issued": {
                "date-parts": [
                    [
                        2014,
                        3
                    ]
                ]
            },
            "language": "en-US",
            "page": "e90081",
            "title": "Ecological sexual dimorphism and environmental variability within a community of Antarctic Penguins (Genus Pygoscelis)",
            "type": "article-journal",
            "volume": "9"
        },
        {
            "DOI": "10.5281/zenodo.3960218",
            "author": [
                {
                    "family": "Horst",
                    "given": "Allison Marie"
                },
                {
                    "family": "Hill",
                    "given": "Alison Presmanes"
                },
                {
                    "family": "Gorman",
                    "given": "Kristen B"
                }
            ],
            "genre": "Manual",
            "id": "horst2020",
            "issued": {
                "date-parts": [
                    [
                        2020
                    ]
                ]
            },
            "title": "Palmerpenguins: Palmer archipelago (antarctica) penguin data",
            "title-short": "Palmerpenguins",
            "type": "book"
        },
        {
            "DOI": "10.1177/15291006211051956",
            "ISSN": "1529-1006, 1539-6053",
            "abstract": "Effectively designed data visualizations allow viewers to use their powerful visual systems to understand patterns in data across science, education, health, and public policy. But ineffectively designed visualizations can cause confusion, misunderstanding, or even distrust—especially among viewers with low graphical literacy. We review research-backed guidelines for creating effective and intuitive visualizations oriented toward communicating data to students, coworkers, and the general public. We describe how the visual system can quickly extract broad statistics from a display, whereas poorly designed displays can lead to misperceptions and illusions. Extracting global statistics is fast, but comparing between subsets of values is slow. Effective graphics avoid taxing working memory, guide attention, and respect familiar conventions. Data visualizations can play a critical role in teaching and communication, provided that designers tailor those visualizations to their audience.",
            "accessed": {
                "date-parts": [
                    [
                        2021,
                        12,
                        24
                    ]
                ]
            },
            "author": [
                {
                    "family": "Franconeri",
                    "given": "Steven L."
                },
                {
                    "family": "Padilla",
                    "given": "Lace M."
                },
                {
                    "family": "Shah",
                    "given": "Priti"
                },
                {
                    "family": "Zacks",
                    "given": "Jeffrey M."
                },
                {
                    "family": "Hullman",
                    "given": "Jessica"
                }
            ],
            "container-title": "Psychological Science in the Public Interest",
            "id": "franconeri2021",
            "issue": "3",
            "issued": {
                "date-parts": [
                    [
                        2021,
                        12
                    ]
                ]
            },
            "keyword": "JF",
            "language": "en-US",
            "page": "110-161",
            "title": "The science of visual data communication: What works",
            "title-short": "The Science of Visual Data Communication",
            "type": "article-journal",
            "volume": "22"
        },
        {
            "DOI": "10.1027/2151-2604/a000573",
            "ISSN": "2190-8370, 2151-2604",
            "abstract": "Abstract: This study explores how various visualizations impact teachers’ understanding of effect sizes and their relevance to practice. In Study 1, 40 teachers assessed four visualization types displaying six effect sizes. Half-eye plots were perceived as less challenging and more informative compared to raincloud and Gardner–Altman plots. However, misconceptions of U 3 and overlap were prevalent across all types. In Study 2, enrichment options (signaling, benchmarking) integrated into half-eye plots were examined for their impact on, among others, understanding and misconception reduction. While benchmarks increased time needed for decision-making, they did not improve accuracy compared to a control group and neither did signaling. However, both signaling options substantially reduced misconceptions. Furthermore, one signaling option increased participants’ sensitivity to group differences. This study offers first indications of a promising visualization type, the half-eye plot, and an enrichment option to decrease misconceptions when considering visualization design in science communication efforts aimed at supporting educators.",
            "accessed": {
                "date-parts": [
                    [
                        2025,
                        2,
                        9
                    ]
                ]
            },
            "author": [
                {
                    "family": "Schneider",
                    "given": "Jürgen"
                },
                {
                    "family": "Schmidt",
                    "given": "Kirstin"
                },
                {
                    "family": "Bohrer",
                    "given": "Kristina"
                },
                {
                    "family": "Merk",
                    "given": "Samuel"
                }
            ],
            "container-title": "Zeitschrift für Psychologie",
            "id": "schneider2025",
            "issue": "1",
            "issued": {
                "date-parts": [
                    [
                        2025,
                        1
                    ]
                ]
            },
            "language": "en-US",
            "page": "52-63",
            "title": "Communicating Effect Sizes to Teachers: Exploring Different Visualizations and Their Enrichment Options",
            "title-short": "Communicating Effect Sizes to Teachers",
            "type": "article-journal",
            "volume": "233"
        },
        {
            "DOI": "10.1007/0-387-28695-0",
            "author": [
                {
                    "family": "Wilkinson",
                    "given": "Leland"
                }
            ],
            "collection-title": "Statistics and computing",
            "edition": "2",
            "id": "wilkinson2005",
            "issued": {
                "date-parts": [
                    [
                        2005
                    ]
                ]
            },
            "publisher": "Springer",
            "publisher-place": "New York",
            "title": "The grammar of graphics",
            "type": "book"
        },
        {
            "DOI": "10.1198/jcgs.2009.07098",
            "ISSN": "1061-8600",
            "abstract": "A grammar of graphics is a tool that enables us to concisely describe the components of a graphic. Such a grammar allows us to move beyond named graphics (e.g., the “scatterplot”) and gain insight into the deep structure that underlies statistical graphics. This article builds on Wilkinson, Anand, and Grossman (2005), describing extensions and refinements developed while building an open source implementation of the grammar of graphics for R, ggplot2. The topics in this article include an introduction to the grammar by working through the process of creating a plot, and discussing the components that we need. The grammar is then presented formally and compared to Wilkinson’s grammar, highlighting the hierarchy of defaults, and the implications of embedding a graphical grammar into a programming language. The power of the grammar is illustrated with a selection of examples that explore different components and their interactions, in more detail. The article concludes by discussing some perceptual issues, and thinking about how we can build on the grammar to learn how to create graphical “poems.” Supplemental materials are available online.",
            "accessed": {
                "date-parts": [
                    [
                        2025,
                        3,
                        9
                    ]
                ]
            },
            "author": [
                {
                    "family": "Wickham",
                    "given": "Hadley"
                }
            ],
            "container-title": "Journal of Computational and Graphical Statistics",
            "id": "wickham2010",
            "issue": "1",
            "issued": {
                "date-parts": [
                    [
                        2010,
                        1
                    ]
                ]
            },
            "keyword": "Grammar of graphics,Statistical graphics",
            "page": "3-28",
            "publisher": "ASA Website",
            "title": "A Layered Grammar of Graphics",
            "type": "article-journal",
            "volume": "19"
        },
        {
            "DOI": "10.1007/978-3-319-24277-4",
            "ISBN": "978-3-319-24275-0 978-3-319-24277-4",
            "accessed": {
                "date-parts": [
                    [
                        2025,
                        3,
                        9
                    ]
                ]
            },
            "author": [
                {
                    "family": "Wickham",
                    "given": "Hadley"
                }
            ],
            "collection-title": "Use R!",
            "id": "wickham2016b",
            "issued": {
                "date-parts": [
                    [
                        2016
                    ]
                ]
            },
            "keyword": "base graphics,data analysis of graphics,ggplot2 1.0,grammar of graphics,knitr,lattice graphics,multi-layer graphs,RStudio,statistical graphics,visualization",
            "publisher": "Springer International Publishing",
            "publisher-place": "Cham",
            "title": "Ggplot2",
            "type": "book"
        },
        {
            "author": [
                {
                    "family": "Tufte",
                    "given": "Edward R."
                }
            ],
            "id": "tufte1990",
            "issued": {
                "date-parts": [
                    [
                        1990
                    ]
                ]
            },
            "publisher": "Graphics Press",
            "publisher-place": "Cheshire, CT",
            "title": "Envisioning information",
            "type": "book"
        },
        {
            "author": [
                {
                    "family": "Tufte",
                    "given": "Edward R."
                }
            ],
            "id": "tufte1997",
            "issued": {
                "date-parts": [
                    [
                        1997
                    ]
                ]
            },
            "publisher": "Graphics Press",
            "publisher-place": "Cheshire, CT",
            "title": "Visual explanations",
            "type": "book"
        },
        {
            "author": [
                {
                    "family": "Tufte",
                    "given": "Edward R."
                }
            ],
            "edition": "Second",
            "id": "tufte2001",
            "issued": {
                "date-parts": [
                    [
                        2001
                    ]
                ]
            },
            "publisher": "Graphics Press",
            "publisher-place": "Cheshire, CT",
            "title": "The visual display of quantitative information",
            "type": "book"
        },
        {
            "author": [
                {
                    "family": "Chambers",
                    "given": "John"
                },
                {
                    "family": "Cleveland",
                    "given": "William"
                },
                {
                    "family": "Kleiner",
                    "given": "Beat"
                },
                {
                    "family": "Tukey",
                    "given": "Paul"
                }
            ],
            "id": "chambers1983",
            "issued": {
                "date-parts": [
                    [
                        1983
                    ]
                ]
            },
            "publisher": "Wadsworth",
            "title": "Graphical methods for data analysis",
            "type": "book"
        },
        {
            "author": [
                {
                    "family": "Cleveland",
                    "given": "William"
                }
            ],
            "id": "cleveland1993",
            "issued": {
                "date-parts": [
                    [
                        1993
                    ]
                ]
            },
            "publisher": "Hobart Press",
            "title": "Visualizing data",
            "type": "book"
        },
        {
            "author": [
                {
                    "family": "Robbins",
                    "given": "Naomi"
                }
            ],
            "id": "robbins2013",
            "issued": {
                "date-parts": [
                    [
                        2013
                    ]
                ]
            },
            "publisher": "Chart House",
            "title": "Creating more effective graphs",
            "type": "book"
        },
        {
            "author": [
                {
                    "family": "Tukey",
                    "given": "John W."
                }
            ],
            "id": "tukey1977",
            "issued": {
                "date-parts": [
                    [
                        1977
                    ]
                ]
            },
            "publisher": "Addison–Wesley",
            "title": "Exploratory data analysis",
            "type": "book"
        }
    ],
    "project_biblios": [
        "references.bib"
    ]
}