{
    "sources": [
        {
            "DOI": "10.1371/journal.pone.0090081",
            "ISSN": "1932-6203",
            "accessed": {
                "date-parts": [
                    [
                        2021,
                        11,
                        26
                    ]
                ]
            },
            "author": [
                {
                    "family": "Gorman",
                    "given": "Kristen B."
                },
                {
                    "family": "Williams",
                    "given": "Tony D."
                },
                {
                    "family": "Fraser",
                    "given": "William R."
                }
            ],
            "container-title": "PLoS ONE",
            "editor": [
                {
                    "family": "Chiaradia",
                    "given": "André"
                }
            ],
            "id": "gorman2014",
            "issue": "3",
            "issued": {
                "date-parts": [
                    [
                        2014,
                        3
                    ]
                ]
            },
            "language": "en-US",
            "page": "e90081",
            "title": "Ecological sexual dimorphism and environmental variability within a community of Antarctic Penguins (Genus Pygoscelis)",
            "type": "article-journal",
            "volume": "9"
        },
        {
            "DOI": "10.1093/comjnl/27.2.97",
            "author": [
                {
                    "family": "Knuth",
                    "given": "Donald Ervin"
                }
            ],
            "container-title": "The Computer Journal",
            "id": "knuth1984",
            "issue": "2",
            "issued": {
                "date-parts": [
                    [
                        1984
                    ]
                ]
            },
            "note": "Publisher: Oxford University Press",
            "page": "97-111",
            "title": "Literate programming",
            "type": "article-journal",
            "volume": "27"
        }
    ],
    "project_biblios": [
        "references.bib"
    ]
}